Revenue,Discount_Applied,Clicks,Impressions,Conversion_Rate,Ad_Spend,Rolling_Mean_7,Units_Sold,Predicted_Units_Sold
303.66,0.1,7,190,0.04,24.32,198.0,227,203.41759
566.26,0.03,33,358,0.09,40.8,180.0,191,180.31326
1254.73,0.06,41,361,0.11,54.24,191.1428571428571,183,188.3164
166.79,0.29,47,82,0.57,170.13,185.8571428571429,165,179.7937
727.32,0.13,13,20,0.65,77.25,126.57142857142856,143,124.20692
